Day fraction since midnight on,photometer (mg/L),(volts)
0.6185838632,1.045526147,3.369832754
0.6185954343,1.052482605,3.366293192
0.6186070133,1.045652151,3.36976862
0.6186185731,1.041644454,3.371809006
0.618630165,1.045509338,3.369841337
0.6186417229,1.046866298,3.369150639
0.6186532908,1.057809949,3.36358428
0.6186648711,1.047588706,3.368782997
0.6186764552,1.050500393,3.367301464
0.6186880089,1.048401117,3.368369579
0.6186995936,1.048168778,3.368487835
0.6187111681,1.044071436,3.370573282
0.6187227413,1.04428494,3.370464563
0.6187343018,1.055108786,3.364957571
0.6187458841,1.047679663,3.368736744
0.6187574585,1.046651244,3.369260073
0.6187690282,1.040668845,3.37230587
0.6187805927,1.039873481,3.372710943
0.6187921782,1.044949532,3.370126247
0.6188037548,1.042224526,3.371513605
0.618815319,1.040760517,3.37225914
0.6188269065,1.044289231,3.370462418
0.6188384701,1.051766276,3.366657496
0.6188500371,1.05357194,3.365739107
0.6188616193,1.042918563,3.371160269
0.618873196,1.057878017,3.363549709
0.6188847476,1.038624644,3.373347044
0.6188963213,1.04801786,3.368564606
0.6189078932,1.049347162,3.367888212
0.6189194662,1.039382458,3.372961044
0.6189310377,1.04509151,3.370054007
0.6189426335,1.062011004,3.361449242
0.6189542031,1.047184825,3.368988514
0.6189657663,1.047242522,3.368959189
0.6189773305,1.040708065,3.372285843
0.6189888815,1.037089586,3.374129057
0.6190004953,1.039109588,3.373100042
0.6190120661,1.040970326,3.372152329
0.6190236261,1.04935658,3.367883444
0.6190352173,1.046198368,3.369490624
0.6190467712,1.043770313,3.370726585
0.6190583706,1.040352821,3.372466803
0.6190699326,1.036916852,3.374217033
0.6190815022,1.043109536,3.371062994
0.6190930763,1.036587,3.374385119
0.6191046351,1.039096952,3.37310648
0.6191162234,1.045718193,3.369735003
0.6191277928,1.040391684,3.372447014
0.6191393519,1.039365053,3.372969866
0.6191509442,1.048189402,3.368477345
0.6191625165,1.046181917,3.369498968
0.6191740709,1.048584819,3.368276119
0.6191856431,1.034574151,3.375410795
0.6191972241,1.039700747,3.37279892
0.6192087903,1.119452596,3.332354069
0.6192203788,1.087878227,3.348324537
0.6192319465,1.062238097,3.361333847
0.6192435265,1.041913629,3.371671915
0.6192550961,1.03766048,3.373838186
0.6192666642,1.041052699,3.372110367
0.6192782335,1.036334276,3.374513865
0.6192898073,1.046664,3.369253635
0.619301378,1.037544966,3.373897076
0.6193129632,1.040344834,3.372470856
0.6193245241,1.05021739,3.367445469
0.61933609,1.032646418,3.376393318
0.6193476745,1.045305133,3.369945288
0.6193592483,1.03511548,3.375134945
0.6193708267,1.035588503,3.374893904
0.6193823896,1.051220775,3.366935015
0.6193939598,1.037955403,3.373687983
0.6194055351,1.034828186,3.375281334
0.6194171025,1.033824205,3.37579298
0.6194286872,1.035796285,3.374788046
0.6194402499,1.037763,3.373785973
0.6194518272,1.040196419,3.372546434
0.6194634,1.032900453,3.376263857
0.6194749692,1.047898412,3.368625403
0.6194865392,1.056463957,3.364268541
0.6194981147,1.031820417,3.376814365
0.6195096982,1.036742806,3.374305725
0.61952126,1.036498547,3.37443018
0.6195328422,1.034705162,3.375344038
0.6195444122,1.042514443,3.371366024
0.6195559905,1.039371133,3.372966766
0.6195675504,1.045324326,3.369935513
0.6195791292,1.035612822,3.374881506
0.6195906869,1.036217332,3.374573469
0.6196022716,1.042949915,3.371144295
0.6196138384,1.035979629,3.374694586
0.6196254184,1.03791976,3.373706102
0.6196369982,1.034598947,3.375398159
0.6196485621,1.037386298,3.3739779
0.6196601413,1.062805057,3.361045837
0.6196717122,1.034009934,3.375698328
0.6196832907,1.038538098,3.373391151
0.6196948616,1.036046982,3.374660254
0.6197064169,1.036352515,3.374504566
0.6197179973,1.036832213,3.374260187
0.6197295639,1.036440969,3.374459505
0.6197411367,1.033146381,3.376138449
0.6197527116,1.036035776,3.374665976
0.6197642911,1.036553264,3.374402285
0.6197758718,1.035165548,3.375109434
0.6197874288,1.039605737,3.372847319
0.6197990037,1.031465411,3.376995325
0.6198105945,1.031958818,3.376743794
0.6198221633,1.028271318,3.378623962
0.6198337342,1.035410166,3.374984741
0.6198452925,1.036283374,3.374539852
0.6198568826,1.032219887,3.376610756
0.6198684591,1.048842073,3.368145227
0.6198800275,1.029889464,3.377798796
0.6198915928,1.040955305,3.372159958
0.6199031721,1.035921216,3.374724388
0.6199147406,1.043476224,3.370876312
0.6199263095,1.030547023,3.377463579
0.6199378757,1.033501506,3.375957489
0.6199494564,1.03004241,3.377720833
0.6199610411,1.034377694,3.375510931
0.619972605,1.052303433,3.366384268
0.6199841663,1.03509295,3.375146389
0.6199957371,1.029761434,3.377864122
0.6200073261,1.030364156,3.377556801
0.6200189039,1.045807719,3.369689465
0.6200304748,1.068107009,3.3583529
0.6200420499,1.037757874,3.373788595
0.6200536106,1.033747554,3.375832081
0.6200651827,1.054824233,3.365102291
0.6200767463,1.032414913,3.376511335
0.6200883209,1.042552829,3.371346474
0.6200999044,1.031024456,3.377220154
0.6201114726,1.033426166,3.375995874
0.6201230434,1.035450459,3.374964237
0.6201346227,1.030125618,3.377678394
0.620146201,1.031164289,3.377148867
0.620157775,1.034799695,3.375295878
0.62016933,1.034880638,3.375254631
0.6201809358,1.045017481,3.370091677
0.6201924921,1.030926704,3.377269983
0.6202040587,1.03705585,3.374146223
0.6202156339,1.03273201,3.376349688
0.6202272101,1.030819178,3.37732482
0.6202387677,1.03245604,3.376490355
0.62025035,1.032667041,3.376382828
0.6202619206,1.163152814,3.310340643
0.6202735302,1.030194402,3.377643347
0.6202850661,1.030607343,3.377432823
0.6202966331,1.031861544,3.376793385
0.6203082024,1.030041456,3.37772131
0.6203197796,1.028915525,3.378295422
0.6203313569,1.04040575,3.372439861
0.6203429215,1.029728651,3.377880812
0.6203545106,1.027636886,3.378947496
0.6203660672,1.034385204,3.375507116
0.6203776585,1.031731606,3.376859665
0.6203892322,1.058826923,3.363067389
0.6204008031,1.031697869,3.376876831
0.6204123733,1.03354311,3.37593627
0.6204239364,1.029148817,3.378176451
0.6204355093,1.031904578,3.37677145
0.6204471153,1.030734539,3.377367973
0.6204586523,1.02997458,3.377755404
0.62047024,1.04489851,3.370152235
0.6204817984,1.027891636,3.378817558
0.6204933717,1.02933073,3.378083706
0.6205049562,1.030548811,3.377462626
0.6205165228,1.026350498,3.379603624
0.6205281033,1.027133942,3.379204035
0.6205396696,1.049379945,3.367871523
0.6205512448,1.026756167,3.379396677
0.6205628199,1.027480722,3.379027128
0.6205743934,1.025635362,3.379968405
0.6205859519,1.029260635,3.378119469
0.6205975439,1.028262377,3.378628492
0.6206091126,1.030275345,3.3776021
0.6206206904,1.026639819,3.379456043
0.6206322564,1.029369593,3.378063917
0.6206438178,1.024699688,3.380445719
0.6206553905,1.031253576,3.377103329
0.6206669666,1.032827377,3.37630105
0.6206785467,1.032811999,3.376308918
0.6206901155,1.021636367,3.382008791
0.620701689,1.028343797,3.378587008
0.6207132648,1.031353712,3.377052307
0.6207248254,1.03215301,3.37664485
0.620736412,1.02319181,3.381215096
0.6207479923,1.025107265,3.380237818
0.6207595532,1.033771396,3.375819922
start,,
0.6207711184,1.023826838,3.380891085
0.6207827042,1.026771665,3.379388809
0.6207942779,1.023486137,3.381064892
0.6208058482,1.035391092,3.374994516
0.6208174172,1.031835437,3.376806736
0.6208289812,1.024001122,3.380802155
0.6208405709,1.031175494,3.377143145
0.6208521301,1.052896977,3.36608243
0.6208637012,2.940290928,2.498288393
0.6208752803,9.918459892,0.4731155634
0.620886865,23.83555222,-0.91669029
0.620898428,35.47753525,-1.198219061
0.620910011,39.20541763,-1.235045552
0.6209215633,39.86339951,-1.240131974
0.6209331492,40.21102142,-1.242675781
0.6209447249,40.61528397,-1.245515585
0.6209562918,40.69475555,-1.246059299
0.6209678642,40.29364014,-1.243266344
0.6209794333,39.87336349,-1.240206242
0.6209910148,39.58853912,-1.238051415
0.6210025816,39.28915405,-1.235713244
0.621014167,38.91373825,-1.232671619
0.6210257488,38.40246582,-1.228324294
0.6210373046,37.9785614,-1.224531889
0.6210488787,37.6377449,-1.221353412
0.6210604475,37.48158646,-1.219857216
0.6210720239,37.42227936,-1.21928227
0.6210836106,37.34474564,-1.218525052
0.6210951717,37.31776428,-1.21826005
0.6211067265,37.26631927,-1.217752576
0.6211183196,37.21845627,-1.217277885
0.6211298921,37.196064,-1.217054963
0.6211414686,37.1675148,-1.216769934
0.6211530207,37.04736328,-1.215560675
0.6211646072,36.93718719,-1.214437842
0.6211761797,36.84052658,-1.21344161
0.6211877563,36.79243088,-1.212942004
0.6211993166,36.75575256,-1.212559223
0.6212108998,36.69066238,-1.211876154
0.621222468,36.49862671,-1.209832549
0.6212340374,36.33860016,-1.208096623
0.6212456184,36.22712326,-1.206869364
0.6212571882,36.16793442,-1.206211686
0.6212687674,36.12217331,-1.205700278
0.6212803203,36.10203171,-1.205474377
0.6212919026,36.07873154,-1.205212474
0.6213034651,35.95007324,-1.203754067
0.6213150499,35.79162979,-1.201929808
0.6213266169,35.68613052,-1.200697541
0.6213381958,35.53357315,-1.198890448
0.6213497749,35.40554047,-1.197350502
0.6213613313,35.30322647,-1.196104407
0.6213729191,35.21437073,-1.195010901
0.621384489,35.15470886,-1.19427073
0.621396061,35.07476044,-1.193271279
0.6214076303,34.9760437,-1.192025185
0.6214192088,34.85864639,-1.19052577
0.6214307852,34.77587891,-1.189457059
0.6214423494,34.69552612,-1.188410282
0.6214539248,34.61629486,-1.187369108
0.6214655006,34.55793762,-1.186596513
0.6214770687,34.48889923,-1.185676098
0.6214886301,34.38667679,-1.184300542
0.6215002347,34.29267883,-1.183022142
0.6215117793,34.22031784,-1.182029009
0.6215233503,34.153965,-1.181111455
0.6215349221,34.06620407,-1.179887652
0.6215464954,33.97878647,-1.178656936
0.6215580673,33.91464233,-1.177746415
0.6215696577,33.82351303,-1.176441908
0.6215812279,33.72179413,-1.174970388
0.6215927867,33.6254921,-1.173562169
0.6216043655,33.54138947,-1.172320247
0.6216159438,33.43870544,-1.170788407
0.6216275092,33.29767227,-1.168656349
0.6216390891,33.20772552,-1.167279482
0.6216506657,33.10406876,-1.165675879
0.6216622361,33.03148651,-1.164542198
0.6216738217,32.96453094,-1.163488388
0.6216853675,32.9210434,-1.162799835
0.621696951,32.88113785,-1.162165165
0.6217085215,32.86310196,-1.161877394
0.6217201036,32.77634811,-1.160485268
0.6217316728,32.62120056,-1.15796268
0.6217432322,32.49984741,-1.155959725
0.6217548104,32.38975143,-1.154119492
0.6217663883,32.28093719,-1.1522789
0.6217779569,32.20223236,-1.150933981
0.621789542,32.12800598,-1.149654985
0.6218011161,32.05557251,-1.14839685
0.6218126916,31.98197365,-1.147108316
0.6218242571,31.91185379,-1.145871043
0.6218358315,31.82453346,-1.144317031
0.6218473992,31.76112747,-1.143179297
0.6218589795,31.70682526,-1.142198682
0.6218705428,31.69137764,-1.141918659
0.6218821265,31.5827446,-1.13993609
0.6218936838,31.48552513,-1.138141871
0.621905275,31.41078377,-1.136749506
0.621916836,31.34081268,-1.1354357
0.6219284098,31.28508186,-1.134382129
0.6219400233,31.19824791,-1.132727742
0.621951576,31.08590126,-1.130563974
0.6219631375,31.01177597,-1.12912178
0.621974716,30.89882278,-1.126901627
0.6219862823,30.83218384,-1.125579
0.6219978526,30.72835732,-1.123499036
0.622009424,30.63712692,-1.121651888
0.6220210083,30.56205559,-1.120118141
0.622032574,30.49112129,-1.118657351
0.6220441473,30.43526649,-1.117499113
0.6220557347,30.34211731,-1.115551829
0.6220672928,30.23998833,-1.113394022
0.6220788678,30.18092728,-1.112135172
0.6220904459,30.10792351,-1.110567927
0.622102012,30.05082893,-1.109333515
0.6221135947,29.97359657,-1.107651472
0.6221251611,29.88574409,-1.105720878
0.6221367356,29.80205536,-1.103864551
0.622148317,29.75584221,-1.102832198
0.6221598961,29.69672966,-1.101504087
0.6221714504,29.61503029,-1.099654436
0.6221830601,29.49750137,-1.096964598
0.6221946158,29.39924431,-1.09468925
0.6222061896,29.3025074,-1.092425227
0.6222177633,29.23353767,-1.090796471
0.6222293362,29.18194008,-1.089569926
0.6222409006,29.12682724,-1.088252187
0.6222524767,29.08986664,-1.087364078
0.6222640633,29.05239487,-1.086459994
0.6222756148,28.95576286,-1.084111452
0.6222871919,28.8441124,-1.081367016
0.6222987745,28.74527931,-1.078909636
0.6223103285,28.63732529,-1.076195121
0.6223219202,28.53293037,-1.073539615
0.6223334869,28.45442581,-1.071522713
0.6223450718,28.38737679,-1.069786429
0.6223566238,28.31309891,-1.067848086
0.6223682112,28.23569298,-1.065811396
0.6223797924,28.19104195,-1.06462872
0.6223913582,28.12445831,-1.062854409
0.6224029276,28.1106472,-1.062484741
0.6224145039,28.0796299,-1.061652541
0.6224260779,28.0365448,-1.06049192
0.622437647,27.99452209,-1.059354663
0.6224492335,27.96359634,-1.058514357
0.622460805,27.94856834,-1.058104992
0.6224723742,27.89554214,-1.056655288
0.6224839538,27.80475235,-1.054153562
0.6224955077,27.72162628,-1.051841259
0.6225070885,27.5981369,-1.048367381
0.622518662,27.44372368,-1.043957353
0.6225302593,27.30765724,-1.040009379
0.6225418163,27.22527695,-1.037590623
0.6225533755,27.18623543,-1.036436677
0.6225649502,27.14362717,-1.035171747
0.6225765361,27.07301331,-1.033062458
0.6225881127,27.00759125,-1.031093717
0.6225996783,26.93141556,-1.028783679
0.6226112476,26.88545418,-1.027380586
0.6226228487,26.85393333,-1.026414275
0.6226344167,26.77363205,-1.023937464
0.6226459804,26.67588806,-1.020893335
0.6226575563,26.58719826,-1.018103004
0.6226691128,26.51421928,-1.015786767
0.6226806797,26.46536446,-1.014225841
0.6226922761,26.39673615,-1.012019038
0.6227038345,26.32935905,-1.009836435
0.6227154081,26.26818466,-1.007840872
0.6227269817,26.20721245,-1.005838633
0.622738558,26.1448307,-1.003776312
0.622750127,26.10324669,-1.002393723
0.6227617026,26.05950546,-1.000932694
0.6227732763,25.98487282,-0.9984236956
0.6227848559,25.91308212,-0.9959909916
0.6227964179,25.83488274,-0.9933193326
0.6228080014,25.77316284,-0.9911946058
0.6228195886,25.72681046,-0.9895895123
0.622831146,25.68389702,-0.9880962372
0.6228427234,25.64383125,-0.9866958261
0.622854293,25.54935837,-0.9833692908
0.622865865,25.45632935,-0.980060041
0.6228774529,25.36534119,-0.9767908454
0.6228890363,25.29611015,-0.9742816091
0.6229005972,25.24355125,-0.9723640084
0.6229121662,25.20943642,-0.9711134434
0.6229237401,25.17081451,-0.9696920514
0.6229353165,25.16805267,-0.9695901275
0.6229468756,25.13990402,-0.968550086
0.6229584658,25.0550251,-0.9653946757
0.6229700185,24.9460392,-0.9613000154
0.6229816058,24.84328079,-0.9573945999
0.6229931724,24.78422737,-0.9551304579
0.6230047604,24.68509293,-0.9512966275
0.6230163133,24.60553169,-0.9481896758
0.623027891,24.55974007,-0.9463892579
0.6230394743,24.51438713,-0.9445972443
0.6230510757,24.4552021,-0.9422453046
0.6230626377,24.42374229,-0.9409890175
0.6230741975,24.3704586,-0.9388512969
0.6230857655,24.26560974,-0.9346083999
0.6230973322,24.20418549,-0.9321002364
0.6231089113,24.18319511,-0.9312393069
0.6231204758,24.17913246,-0.9310724139
0.6231320669,24.15289307,-0.9299929142
0.6231436578,24.04844284,-0.9256650209
0.6231552042,23.8768959,-0.9184494615
0.623166769,23.77473068,-0.914087832
0.6231783629,23.7267189,-0.9120212793
0.623189934,23.66365814,-0.9092904925
0.6232014977,23.6127739,-0.9070733786
0.6232130622,23.54039574,-0.9038984179
0.6232246493,23.45901489,-0.900298655
0.6232362186,23.39518547,-0.8974527717
0.623247782,23.36073875,-0.8959087729
0.6232593807,23.32571983,-0.8943331242
0.6232709488,23.29704285,-0.8930383325
0.6232825163,23.23596764,-0.8902673125
0.6232940897,23.18105507,-0.8877601624
0.6233056643,23.11801529,-0.884863317
0.6233172255,23.08104515,-0.8831552267
0.6233287955,23.03243256,-0.8808987141
0.6233403712,22.97627258,-0.8782769442
0.6233519459,22.90217018,-0.8747929931
0.6233635145,22.80528259,-0.87019521
0.6233751224,22.72478676,-0.866338253
0.6233866765,22.66369438,-0.8633884192
0.6233982642,22.60489082,-0.860530436
0.6234098335,22.55779076,-0.8582280874
0.6234213983,22.51592445,-0.856171608
0.6234329675,22.43815422,-0.8523266912
0.6234445542,22.36657143,-0.8487586975
0.6234561316,22.30828094,-0.8458327055
0.6234677,22.25832367,-0.8433102369
0.62347928,22.21461678,-0.8410921097
0.6234908419,22.16169548,-0.8383921385
0.6235024013,22.12083244,-0.8362966776
0.6235139998,22.09090233,-0.8347559571
0.6235255538,22.063097,-0.8333200812
0.6235371217,22.00614166,-0.8303653598
0.623548713,21.92388916,-0.8260658383
0.6235602733,21.8457756,-0.8219468594
0.6235718555,21.78678894,-0.8188132048
0.623583426,21.72815704,-0.8156783581
0.623595009,21.6850071,-0.8133584261
0.6236065925,21.61095619,-0.8093518019
0.6236181435,21.5528965,-0.8061877489
0.6236297246,21.49538612,-0.8030338287
0.6236412961,21.44599152,-0.8003091216
0.6236528771,21.40221214,-0.7978820205
0.6236644356,21.35549927,-0.7952793837
0.6236760161,21.31960678,-0.7932707071
0.6236875762,21.26528549,-0.7902155519
0.6236991574,21.17628288,-0.7851708531
0.6237107414,21.09892082,-0.7807459831
0.6237223059,21.04559517,-0.7776741982
0.6237338862,21.01047325,-0.7756412029
0.6237454426,20.96404457,-0.7729418874
0.623757028,20.90912056,-0.7697309852
0.623768612,20.85108948,-0.7663175464
0.6237801838,20.78928757,-0.7626584172
0.6237917571,20.71835709,-0.7584285736
0.6238033107,20.67289352,-0.7557000518
0.6238149232,20.61905098,-0.752451241
0.6238264824,20.5674572,-0.749320209
0.623838039,20.52840805,-0.7469388247
0.6238496212,20.49957275,-0.7451737523
0.6238611813,20.43639946,-0.7412873507
0.6238727574,20.37944603,-0.737760663
0.6238843433,20.33241463,-0.7348318696
0.6238959153,20.28053665,-0.7315838933
0.6239074899,20.22655106,-0.7281843424
0.6239190645,20.17110443,-0.7246719599
0.62393064,20.10876656,-0.720697701
0.6239422133,20.0657196,-0.7179374695
0.623953771,20.02022552,-0.7150062323
0.6239653501,19.97574234,-0.7121261358
0.6239769149,19.94081306,-0.7098547816
0.62398852,19.89565086,-0.7069052458
0.6240000699,19.84989738,-0.703902185
0.6240116492,19.78210449,-0.6994251013
0.6240232345,19.72696877,-0.6957594752
0.6240348074,19.66560173,-0.6916534901
0.6240463619,19.61161995,-0.6880190372
0.6240579404,19.6070919,-0.6877132058
0.6240695194,19.59688568,-0.6870232821
0.6240810896,19.53757477,-0.6829988956
0.6240926534,19.47078323,-0.6784356833
0.6241042249,19.39221954,-0.6730255485
0.6241158046,19.33506393,-0.6690605283
0.6241273903,19.29379463,-0.66618222
0.6241389413,19.25536919,-0.6634905338
0.6241505453,19.2077446,-0.6601388454
0.6241620904,19.16182327,-0.6568905711
0.6241736623,19.12437058,-0.6542292833
0.6241852419,19.06248856,-0.6498083472
0.6241968224,19.05635071,-0.6493681669
0.6242083888,19.02258873,-0.6469419599
0.6242199555,18.96941757,-0.6431028247
0.6242315391,18.92009544,-0.6395216584
0.6242431084,18.85453224,-0.6347313523
0.6242546904,18.82495499,-0.6325592399
0.624266293,18.78343391,-0.6294980049
0.6242778233,18.69956398,-0.6232722402
0.624289409,18.61527824,-0.6169580817
0.6243009746,18.53647041,-0.6110017896
0.6243125459,18.5062561,-0.6087045074
0.6243241488,18.4785614,-0.6065922379
0.624335706,18.45922089,-0.6051133871
0.6243472703,18.43850136,-0.603525579
0.6243588509,18.4283886,-0.6027493477
0.6243704281,18.38912582,-0.5997273326
0.6243820279,18.29696655,-0.5925831795
0.6243935686,18.23061943,-0.5873954892
0.6244051461,18.1558075,-0.5815007687
0.6244167201,18.11410332,-0.5781937838
0.624428288,18.09315109,-0.5765266418
0.6244398705,18.06625938,-0.5743814111
0.6244514247,18.0308075,-0.5715436935
0.6244629998,17.97218132,-0.5668269992
0.6244745723,17.91170502,-0.5619297624
0.6244861624,17.8469944,-0.5566538572
0.6244977265,17.80709076,-0.5533818603
0.6245093226,17.7437706,-0.5481606722
0.6245208882,17.68786621,-0.5435209274
0.6245324524,17.63373566,-0.5390013456
0.6245440334,17.58384132,-0.534811914
0.6245556249,17.54726791,-0.5317264795
0.624567183,17.53145599,-0.5303887129
0.6245787561,17.54369736,-0.531424582
0.6245903117,17.48043823,-0.5260568261
0.6246019105,17.44594383,-0.5231141448
0.6246134835,17.39296341,-0.5185729265
0.6246250478,17.34074593,-0.5140714645
0.6246366242,17.29422188,-0.5100392699
0.6246482084,17.23322296,-0.5047214031
0.624659762,17.18105125,-0.5001450777
0.6246713337,17.15076637,-0.4974766374
0.6246829158,17.12432861,-0.4951399565
0.6246944888,17.08872414,-0.4919824898
0.6247060834,17.0328083,-0.4869989455
0.6247176355,16.99319458,-0.4834500253
0.6247291992,16.9626503,-0.4807029665
0.6247407699,16.91828918,-0.4766973257
0.6247523517,16.85009766,-0.4705018699
0.6247639172,16.77681732,-0.4637925029
0.6247754858,16.73277092,-0.4597340524
0.6247870592,16.69518662,-0.4562555552
0.6247986514,16.65711784,-0.4527175426
0.6248102324,16.63396645,-0.4505589306
0.6248217902,16.62325478,-0.4495581686
0.6248333569,16.56754875,-0.4443356097
0.6248449275,16.51540375,-0.4394180477
0.6248564987,16.4726963,-0.4353697002
0.6248680835,16.4204998,-0.4303960502
0.62487965,16.38228607,-0.4267370105
0.6248912385,16.34245873,-0.4229070842
0.62490281,16.31522179,-0.4202784598
0.6249143846,16.28610611,-0.4174598455
0.624925949,16.25827026,-0.4147566855
0.6249375444,16.22690201,-0.4117007256
0.6249490898,16.19970322,-0.409042418
0.6249606681,16.13220406,-0.4024114013
0.6249722545,16.06225014,-0.3954877257
0.624983837,16.01934242,-0.3912146389
0.6249953964,15.98663902,-0.3879445195
0.6250069715,15.95945454,-0.385217309
0.625018532,15.92825603,-0.3820774257
0.6250301144,15.88790798,-0.3780009449
0.6250416952,15.82260609,-0.3713652194
0.6250532627,15.77625179,-0.3666262031
0.6250648584,15.73840332,-0.3627389371
0.625076415,15.70684624,-0.3594856858
0.6250879833,15.66132641,-0.3547731936
0.6250995549,15.61443233,-0.3498939872
0.6251111287,15.58374119,-0.3466871381
0.6251227017,15.55304146,-0.3434685767
0.625134277,15.50143242,-0.3380337954
0.6251458569,15.46606255,-0.3342913985
0.6251574142,15.43924046,-0.3314438462
0.6251689899,15.40426731,-0.3277183175
0.6251805646,15.36868,-0.3239129186
0.6251921284,15.32332134,-0.3190411329
0.6252037096,15.28014469,-0.3143813312
0.6252152933,15.23215771,-0.3091766536
0.6252268494,15.20399475,-0.3061094582
0.6252384456,15.17306805,-0.3027303815
0.62525001,15.14593601,-0.2997564971
0.6252615735,15.10703182,-0.2954770625
0.6252731577,15.08790016,-0.2933658361
0.625284739,15.07823467,-0.2922976017
0.6252963009,15.06711102,-0.2910667658
0.6253078831,15.03879452,-0.2879270017
0.6253194536,14.98876953,-0.2823562622
0.6253310131,14.92729282,-0.2754687071
0.6253425969,14.88419247,-0.2706123292
0.6253541794,14.87794113,-0.2699061334
0.6253657526,14.85543537,-0.2673594058
0.6253773256,14.81945419,-0.2632750273
0.6253888834,14.7502861,-0.2553783059
0.6254004763,14.69413567,-0.2489240319
0.6254120335,14.63981247,-0.2426420599
0.6254236122,14.60395527,-0.238475129
0.6254351828,14.55886555,-0.233212173
0.6254467661,14.52635193,-0.2294011265
0.6254583254,14.50919533,-0.2273846716
0.6254699261,14.48076248,-0.2240345478
0.6254814833,14.43862724,-0.2190508693
0.6254930517,14.39872837,-0.2143106163
0.6255046396,14.34685135,-0.2081164122
0.6255162111,14.31899261,-0.2047756016
0.6255277771,14.26415539,-0.1981698871
0.6255393541,14.23509216,-0.1946528554
0.625550934,14.20053387,-0.1904563159
0.625562488,14.16792965,-0.186482653
0.6255740705,14.12475491,-0.1811989844
0.6255856576,14.08062077,-0.1757721454
0.6255972212,14.03325653,-0.1699191183
0.6256087827,13.9986496,-0.1656234413
0.6256203709,13.97306061,-0.1624366045
0.6256319531,13.94809914,-0.1593195647
0.6256435267,13.94038486,-0.1583544314
0.6256550872,13.91260242,-0.1548721045
0.6256666556,13.85612869,-0.1477611363
0.6256782535,13.80891895,-0.1417829394
0.6256898085,13.76586342,-0.1363039464
0.6257013917,13.73498631,-0.1323589385
0.62571296,13.71629906,-0.129964903
0.6257245408,13.6744976,-0.124591969
0.6257361078,13.61991692,-0.117539607
0.6257476734,13.59237099,-0.1139645576
0.6257592491,13.5661993,-0.1105577573
0.6257708164,13.54620361,-0.1079484448
0.6257823939,13.50295544,-0.1022853032
0.625793978,13.47245979,-0.0982760414
0.6258055505,13.4397068,-0.0939551517
0.6258171118,13.42369175,-0.0918367431
0.6258286871,13.37939167,-0.0859576985
0.6258402601,13.33416176,-0.0799259469
0.6258518426,13.28759861,-0.0736853629
0.6258634068,13.25440216,-0.06921684
0.6258749864,13.23637199,-0.0667831227
0.6258865724,13.19525337,-0.061214935
0.625898138,13.15599918,-0.0558759235
0.6259097066,13.12697029,-0.0519128889
0.6259212962,13.11290169,-0.0499878712
0.6259328592,13.08169079,-0.045706436
0.6259444439,13.06006813,-0.0427318215
0.6259559995,13.03780651,-0.0396619625
0.6259675764,13.03264332,-0.0389488153
0.6259791627,12.99956703,-0.0343713239
0.6259907316,12.96000671,-0.028874781
0.6260023111,12.9043417,-0.0211005434
0.6260138647,12.87550354,-0.0170543883
0.6260254557,12.85398865,-0.0140273971
0.6260370299,12.81918907,-0.0091164699
0.6260486089,12.82090664,-0.0093592554
0.6260601633,12.82802773,-0.0103655485
0.6260717512,12.73812485,0.0023958746
0.6260833162,12.71419525,0.0058137234
0.6260948996,12.67989922,0.0107277734
0.6261064775,12.65557003,0.0142247695
0.6261180479,12.64382648,0.015916137
0.6261296129,12.62461376,0.0186878145
0.626141193,12.58338928,0.0246545188
0.6261527699,12.5387001,0.0311531518
0.6261643438,12.48178101,0.039476037
0.6261759191,12.43577576,0.0462408513
0.6261874817,12.40270233,0.0511251055
0.6261990614,12.38643551,0.0535336956
0.6262106198,12.36297607,0.0570150614
0.6262222097,12.34279728,0.0600165464
0.6262337804,12.31446457,0.0642421618
0.626245339,12.27363396,0.0703546479
0.6262569122,12.2365942,0.075923048
0.6262685219,12.20265961,0.0810445324
0.6262800823,12.17069817,0.0858855173
0.6262916511,12.13827515,0.0908136219
0.6263032309,12.10218906,0.096318908
0.626314787,12.10721302,0.0955511779
0.6263263773,12.08647442,0.0987230837
0.6263379497,12.07271576,0.1008314043
0.6263495192,12.06816578,0.1015294269
0.6263610953,12.04393578,0.1052518561
0.6263726654,12.01048946,0.1104062721
0.6263842434,11.9707346,0.1165575013
0.6263958175,11.91015816,0.1259817481
0.6264074058,11.86259747,0.1334245801
0.6264189692,11.84531116,0.136139378
0.626430542,11.81728935,0.140550822
0.6264421097,11.77084637,0.1478922218
0.6264536876,11.73535919,0.1535268426
0.6264652616,11.71281719,0.1571172476
0.6264768155,11.69437504,0.1600613743
0.626488392,11.6706686,0.1638544351
0.626499973,11.65457916,0.1664342582
0.626511555,11.60530853,0.1743629128
0.6265231332,11.57173157,0.1797905415
0.6265346927,11.56138325,0.1814674288
0.6265462808,11.56570148,0.1807674766
0.626557848,11.55416584,0.1826379001
0.6265694241,11.52123737,0.1879902333
0.6265809833,11.4702282,0.1963193864
0.626592575,11.42370224,0.2039569467
0.6266041354,11.40770626,0.2065916508
0.6266157036,11.39241123,0.2091152817
0.626627288,11.3344202,0.218721807
0.6266388694,11.2828064,0.2273229063
0.6266504431,11.26983547,0.2294920534
0.6266620016,11.25304604,0.2323044091
0.6266735912,11.23201656,0.2358341664
0.6266851498,11.1946516,0.2421257794
0.62669674,11.16464901,0.2471961677
0.6267083106,11.13785076,0.2517391741
0.6267198851,11.1097784,0.2565122545
0.6267314566,11.0795002,0.2616767585
0.6267430229,11.04641724,0.2673392594
0.626754605,11.00985813,0.2736204863
0.6267661766,10.98324776,0.2782081366
0.6267777502,10.97229004,0.2801011205
0.6267893308,10.95394039,0.2832760215
0.6268008942,10.92001343,0.2891631424
0.6268124585,10.88510132,0.2952438593
0.6268240475,10.86952972,0.2979635298
0.6268356185,10.86165333,0.2993408144
0.6268472066,10.84754658,0.3018107116
0.6268587545,10.81695271,0.3071802258
0.6268703443,10.77667522,0.314276576
0.6268819121,10.74005032,0.3207566142
0.6268934923,10.71312332,0.3255372047
0.6269050564,10.68570423,0.3304195404
0.6269166413,10.66892052,0.3334153295
0.6269281987,10.63095284,0.3402124643
0.6269397735,10.62044334,0.3420989811
0.626951345,10.59947109,0.3458699286
0.6269629336,10.59535122,0.3466116786
0.6269744944,10.59443474,0.3467768133
0.6269860825,10.56308365,0.3524330258
0.6269976588,10.53382015,0.3577301502
0.6270092114,10.51713371,0.3607581556
0.6270208064,10.48529243,0.366551578
0.6270323688,10.45445538,0.3721813858
0.6270439505,10.42333508,0.3778822422
0.6270555349,10.43343735,0.3760295212
0.6270671028,10.43562126,0.3756292462
0.6270786569,10.39650536,0.3828124702
0.6270902704,10.37683105,0.3864369988
0.6271018075,10.36039352,0.3894711733
0.627113386,10.31628799,0.3976396024
0.6271249621,10.27509022,0.4053047895
0.6271365279,10.24856377,0.4102585316
0.6271481116,10.23552227,0.412699312
0.627159677,10.21915817,0.4157666564
0.6271712601,10.19935608,0.4194859266
0.6271828311,10.18432999,0.4223133922
0.6271943942,10.15974522,0.4269497395
0.6272059657,10.15706348,0.4274561405
0.6272175398,10.10857773,0.4366387427
0.6272291246,10.08904743,0.4403512776
0.6272406892,10.05579376,0.4466905892
0.6272522805,10.02424908,0.4527252614
0.6272638474,10.00114536,0.4571584165
0.6272754302,9.9724617,0.4626776576
0.6272869854,9.950645447,0.4668871164
0.6272985778,9.939289093,0.4690823555
0.6273101427,9.923682213,0.4721034467
0.6273217371,9.912478447,0.4742754996
0.6273332819,9.88795948,0.4790381491
0.6273448826,9.854529381,0.4855520427
0.6273564438,9.834649086,0.4894371033
0.6273680145,9.811369896,0.4939970076
0.6273795801,9.788683891,0.4984519482
0.6273911592,9.754009247,0.505282104
0.6274027386,9.716810226,0.5126384497
0.6274143048,9.700904846,0.5157930255
0.627425882,9.691753388,0.5176103711
0.6274374607,9.6920681,0.517547965
0.6274490197,9.676262856,0.5206908584
0.6274606226,9.631581307,0.5296056271
0.6274721907,9.605179787,0.5348936319
0.6274837533,9.575880051,0.540779829
0.627495315,9.555282593,0.5449290872
0.6275069052,9.535355568,0.5489519835
0.6275184713,9.519351006,0.5521894693
0.627530038,9.502922058,0.5555186868
0.6275416125,9.487578392,0.5586332679
0.6275531872,9.462820053,0.5636699796
0.6275647619,9.442531586,0.567807436
0.6275763361,9.415266991,0.5733820796
0.6275879058,9.387531281,0.5790699124
0.6275994843,9.36323452,0.5840665698
0.6276110641,9.338515282,0.5891637802
0.6276226309,9.317845345,0.5934366584
0.6276342153,9.284385681,0.6003735065
0.6276457726,9.261562347,0.605119884
0.6276573579,9.242070198,0.6091828346
0.6276689333,9.233774185,0.6109147072
0.6276805031,9.221613884,0.6134558916
0.627692079,9.209878922,0.6159115434
0.6277036621,9.171482086,0.6239683032
0.6277152163,9.150708199,0.6283414364
0.6277267999,9.140195847,0.6305581927
0.6277383619,9.129308701,0.6328564882
0.6277499453,9.095358849,0.6400411129
0.6277615257,9.08565712,0.6420992017
0.6277730996,9.068656921,0.6457105875
0.6277846796,9.053496361,0.6489370465
0.627796235,9.018606186,0.6563820839
0.6278078097,8.970534325,0.6666865945
0.6278193867,8.951152802,0.6708564162
0.6278309613,8.93597126,0.6741287112
0.6278425363,8.917953491,0.6780194044
0.6278540981,8.890954971,0.6838636994
0.6278656829,8.864009857,0.6897136569
0.6278772644,8.835393906,0.6959450245
0.627888837,8.815117836,0.7003719807
0.6279003941,8.817591667,0.6998313665
0.6279119714,8.803303719,0.7029560804
0.6279235709,8.78345108,0.707305789
0.6279351247,8.763949394,0.7115877271
0.6279466924,8.753124237,0.7139683962
0.627958286,8.745638847,0.7156164646
0.627969851,8.727279663,0.7196637988
0.6279814236,8.708041191,0.7239138484
0.6279929938,8.682889938,0.7294834852
0.6280045641,8.661039352,0.7343345881
0.6280161349,8.650320053,0.7367186546
0.6280277198,8.628313065,0.7416217327
0.6280393004,8.599458695,0.7480684519
0.6280508772,8.592682838,0.7495850921
0.6280624468,8.560202599,0.7568715811
0.6280740071,8.52759552,0.7642123103
0.6280855969,8.512251854,0.7676755786
0.628097163,8.491139412,0.7724504471
0.6281087452,8.475972176,0.7758875489
0.6281203058,8.458080292,0.7799493074
0.6281318838,8.442033768,0.783598721
0.6281434479,8.429540634,0.7864446044
0.6281550408,8.424921036,0.7874978185
0.6281665929,8.412173271,0.7904071212
0.6281781766,8.379796982,0.79781425
0.6281897517,8.350146294,0.8046206236
0.6282013208,8.327136993,0.8099175692
0.6282129029,8.288749695,0.8187844157
0.6282244666,8.279740334,0.8208707571
0.6282360532,8.258216858,0.825863421
0.6282476294,8.248985291,0.8280082345
0.6282592167,8.227392197,0.8330338597
0.6282707631,8.222801209,0.8341040015
0.628282345,8.206996918,0.8377914429
0.6282939273,8.177224159,0.8447556496
0.6283054902,8.158104897,0.8492398858
0.6283170656,8.142812729,0.8528330922
0.6283286488,8.132741928,0.8552026153
0.6283402207,8.117508888,0.8587918282
0.6283517736,8.103852272,0.8620148897
0.6283633639,8.090444565,0.8651836514
0.6283749375,8.067584992,0.8705968857
0.6283865123,8.069027901,0.8702546954
0.6283980834,8.022546768,0.8813017607
0.6284096589,7.990356922,0.888984859
0.6284212367,7.971349716,0.8935342431
0.6284328064,7.962481499,0.8956600428
0.6284443763,7.947939396,0.8991503716
0.6284559421,7.927483559,0.9040694833
0.6284675299,7.92028141,0.905804038
0.628479105,7.895544529,0.9117720127
0.6284906911,7.862542152,0.9197590947
0.6285022372,7.850488663,0.9226832986
0.6285138244,7.831046581,0.927408278
0.6285253974,7.815295219,0.9312435389
0.6285369674,7.798183441,0.9354175925
0.6285485358,7.771886826,0.9418471456
0.6285601171,7.756128788,0.9457089305
0.6285716886,7.733232975,0.9513315558
0.6285832503,7.733024597,0.9513828158
0.6285948233,7.714394569,0.9559684396
0.628606401,7.69255209,0.9613565803
0.6286179717,7.678953648,0.964717567
0.6286295679,7.662044048,0.9689038992
0.6286411524,7.641283512,0.9740540981
0.6286527144,7.626288414,0.9777811766
0.6286642906,7.602565765,0.9836902022
0.6286758615,7.596036911,0.9853190184
0.628687434,7.580229759,0.9892677069
0.628699016,7.567717552,0.992397964
0.6287105643,7.559726238,0.994399488
0.6287221513,7.54011631,0.9993184805
0.6287337094,7.520685673,1.004202724
0.6287453021,7.49475956,1.010735869
0.6287568723,7.472356796,1.016396046
0.628768453,7.460486889,1.019400716
0.6287800231,7.436247826,1.025548339
0.6287916011,7.425238133,1.028346062
0.6288031754,7.411388397,1.031870127
0.6288147426,7.398984909,1.035030842
0.6288263207,7.390068054,1.037305594
0.6288378776,7.368993759,1.042690754
0.6288494568,7.357112408,1.04573226
0.6288610332,7.350469589,1.047434449
0.6288725963,7.329244614,1.052881599
0.6288841675,7.297033787,1.061172128
0.6288957725,7.27287817,1.067408562
0.6289073305,7.242305756,1.075325131
0.6289188998,7.249629498,1.073426247
0.6289304791,7.209879398,1.083750486
0.6289420468,7.196848393,1.087144852
0.6289536252,7.184676647,1.090319634
0.628965193,7.176599503,1.092428684
0.6289767749,7.163705349,1.095799446
0.6289883488,7.154566288,1.0981915
0.628999923,7.127508164,1.105287433
0.6290115064,7.11007309,1.109870911
0.6290230765,7.097236157,1.11325109
0.629034637,7.080170631,1.117751956
0.6290462234,7.066370964,1.121397734
0.629057778,7.04340601,1.127476931
0.6290693919,7.019159317,1.133912087
0.6290809418,7.005684376,1.137495637
0.6290925176,6.986377716,1.142639279
0.6291040929,6.968726635,1.147351265
0.6291156633,6.957286835,1.150410056
0.6291272321,6.939022541,1.155301452
0.629138797,6.924848557,1.159104109
0.6291503796,6.903433323,1.164860606
0.6291619534,6.898614883,1.166157603
0.6291735291,6.917076111,1.161191821
0.6291850913,6.882790566,1.170422077
0.629196674,6.863605022,1.175602317
0.6292082523,6.850943565,1.179026842
0.6292198207,6.851603031,1.178848386
0.6292314043,6.829014778,1.184969187
0.6292429712,6.818472385,1.187830925
0.6292545436,6.797963619,1.193407655
0.6292661044,6.777027607,1.199113369
0.6292776924,6.767315865,1.201764584
0.629289272,6.749708653,1.206578255
0.6293008429,6.734825611,1.210654378
0.629312409,6.715259552,1.216023207
0.62932399,6.700548172,1.220067382
0.6293355588,6.698250294,1.220699668
0.6293471324,6.684854507,1.224388719
0.629358712,6.66559267,1.229702711
0.6293702861,6.6676898,1.229123712
0.6293818609,6.638393402,1.237225533
0.6293934272,6.614525795,1.243845224
0.6294049926,6.598929882,1.248180032
0.6294165839,6.58361578,1.252443671
0.6294281514,6.57063961,1.256062031
0.6294397205,6.554208279,1.260650992
0.6294513014,6.531325817,1.267055512
0.629462875,6.513995647,1.271916628
0.6294744565,6.495477676,1.277121067
0.6294860077,6.480000496,1.281478882
0.6294975959,6.477656364,1.282139659
0.6295091676,6.46771431,1.284943581
0.629520743,6.449915409,1.289970994
0.6295323045,6.431864739,1.295079351
0.6295438966,6.414812565,1.299914479
0.6295554565,6.396853447,1.305016518
0.6295670455,6.379050732,1.310083866
0.629578609,6.367747784,1.313306212
0.6295901935,6.34877348,1.318724513
0.6296017549,6.323706627,1.325899839
0.6296133223,6.316207886,1.328050137
0.6296248953,6.307760239,1.330474615
0.6296364823,6.448025703,1.29050529
0.6296480672,6.565068722,1.257616878
0.6296596255,6.570858002,1.256000996
0.6296712062,6.56914568,1.256478906
0.6296827791,6.541616917,1.264173269
0.6296943504,6.546657085,1.262762785
0.6297059321,6.53143549,1.267024756
0.6297175133,6.500100136,1.275820971
0.6297290646,6.492699623,1.277902722
0.6297406455,6.460968018,1.286847949
0.6297522078,6.44686985,1.290832162
0.6297637953,6.42716217,1.296411872
0.6297753742,6.427574158,1.296295166
0.6297869483,6.418916702,1.298749924
0.6297985056,6.413003922,1.300427914
0.6298100855,6.38803339,1.307525754
0.6298216689,6.368733883,1.313024879
0.6298332501,6.355217457,1.316883087
0.6298448164,6.348872662,1.318696141
0.6298563753,6.324109554,1.325784326
0.6298679621,6.306550503,1.330821991
0.6298795369,6.297751904,1.333349943
0.6298911057,6.29634428,1.333754659
0.6299026904,6.276135445,1.33957088
0.6299142457,6.26359129,1.34318769
0.6299258351,6.250176907,1.34706068
0.6299374195,6.242024422,1.349417329
0.6299489812,6.225574017,1.354179025
0.6299605389,6.222115517,1.355181217
0.6299721144,6.198449135,1.362049103
0.6299836829,6.196186543,1.362706661
0.6299952805,6.169279099,1.370538473
0.6300068648,6.152348518,1.375478149
0.6300184089,6.164896011,1.371816397
0.6300299937,6.132824898,1.38118577
0.630041561,6.128740788,1.38238132
0.630053156,6.117182255,1.385767579
0.6300647192,6.102799892,1.389986992
0.6300762882,6.090068817,1.393727541
0.6300878466,6.086760521,1.394700408
0.6300994336,6.066257954,1.400737524
0.6301110066,6.058961391,1.402889133
0.6301225803,6.066561222,1.400648117
0.6301341446,6.034277916,1.410180926
0.6301457285,6.01939106,1.414588094
0.6301573006,6.038208485,1.409018517
0.6301688689,5.993773937,1.422188759
0.6301804406,5.998996258,1.420637608
0.6301920304,5.989512444,1.423455119
0.6302035956,5.964438438,1.430918574
0.6302151762,5.949799538,1.435285449
0.6302267418,5.948438168,1.435691834
0.6302383236,5.924898624,1.442729354
0.6302498946,5.92322588,1.443230152
0.6302614624,5.918543816,1.444632292
0.6302730505,5.904234886,1.448922038
0.6302846224,5.881155968,1.455854893
0.6302961791,5.848210812,1.465781808
0.630307767,5.848835468,1.465593219
0.6303193454,5.833845615,1.470121384
0.6303309006,5.809818745,1.477394939
0.6303425011,5.824400902,1.472978234
0.6303540802,5.789555073,1.483543992
0.6303656357,5.779528141,1.486591697
0.630377212,5.76112175,1.492195129
0.6303887703,5.740795136,1.498396039
0.6304003578,5.736179352,1.499806166
0.6304119234,5.734176636,1.500418186
0.6304235011,5.752821446,1.494725585
0.6304350695,5.722473621,1.503997207
0.6304466431,5.717835903,1.505416632
0.6304582211,5.71323061,1.506827116
0.630469784,5.703486443,1.509813428
0.63048138,5.700648308,1.510683894
0.6304929493,5.746533871,1.49664402
0.6305045093,5.738476276,1.499104381
0.6305161031,5.743256569,1.497644424
0.6305276702,5.658771992,1.523558497
0.6305392515,5.748076439,1.496173263
0.6305508135,5.762211323,1.491863132
0.6305623887,5.755915642,1.493782044
0.6305739724,5.761276245,1.492148042
0.6305855439,5.751338482,1.495177984
0.6305971171,5.733189106,1.500719905
0.6306086939,5.698223114,1.511427879
0.6306202616,5.70737648,1.508620858
0.6306318313,5.71266079,1.507001638
0.6306433999,5.703881741,1.509692311
0.6306549697,5.683326244,1.516002297
0.6306665406,5.699853897,1.510927677
0.6306781291,5.70541811,1.509221196
0.6306897089,5.674978256,1.518568993
0.6307012876,5.680600166,1.51684022
0.6307128519,5.675177574,1.518507719
0.6307244279,5.669561863,1.520235539
0.6307359997,5.624189854,1.534234762
0.6307475679,5.605198383,1.54011488
0.6307591404,5.604838371,1.540226579
0.6307707092,5.610399246,1.538503408
0.6307822952,5.563720703,1.552999735
0.6307938564,5.667448044,1.520886183
0.6308054514,5.681283951,1.516630054
0.6308170121,5.671578884,1.519614816
0.6308285806,5.67242527,1.519354463
0.6308401525,5.68947506,1.514113307
0.630851731,5.684828281,1.515540719
0.6308633426,5.692583561,1.513158798
0.6308748808,5.684039116,1.515783191
0.6308864659,5.661696434,1.522657394
0.6308980293,5.61376667,1.537460446
0.630909612,5.582037926,1.547302365
0.6309212129,5.609942436,1.53864491
0.6309327754,5.612533093,1.537842512
0.6309443197,5.662653923,1.522362471
0.6309558914,5.672990799,1.519180417
0.6309674842,5.671443939,1.519656301
0.6309790433,5.652710915,1.525426745
0.6309906291,5.666413784,1.521204591
0.6310022058,5.623939991,1.53431201
0.6310137844,5.610408306,1.538500547
0.6310253401,5.58496809,1.546392083
0.6310369167,5.624046803,1.534278989
0.6310485018,5.576970577,1.548877358
0.6310600646,5.572054386,1.550406218
0.6310716442,5.585704804,1.546163321
0.6310832212,5.554380894,1.555909157
0.6310947925,5.546420097,1.558391213
0.6311063715,5.549224377,1.557516694
0.6311179246,5.511005878,1.569459438
0.6311295159,5.526786804,1.564522028
0.6311410735,5.482319832,1.578456044
0.6311526531,5.495617867,1.57428205
0.6311642408,5.489637852,1.576158285
0.6311758125,5.486349106,1.577190757
0.6311873705,5.489275932,1.576271892
0.6311989619,5.466815949,1.583330154
0.6312105229,5.456734181,1.586504102
0.6312221032,5.446220875,1.589817524
0.6312336834,5.434529781,1.593506813
0.631245246,5.427000046,1.595885277
0.6312568305,5.422646046,1.597261429
0.6312683871,5.398827076,1.604801893
0.6312799666,5.409842968,1.601312161
0.6312915545,5.409602165,1.601388335
0.6313031232,5.36441946,1.615728855
0.6313146939,5.385097504,1.609157205
0.6313262713,5.350331307,1.62021482
0.6313378444,5.393253803,1.606569052
0.6313494215,5.367897034,1.614622593
0.6313609787,5.33517313,1.625048995
0.6313725796,5.340248108,1.623429656
0.6313841406,5.302199841,1.635592461
0.631395715,5.321381092,1.629454494
0.6314072805,5.278304577,1.643256903
0.6314188516,5.27451086,1.64447546
0.6314304267,5.246639729,1.653444052
0.6314419952,5.24666214,1.65343678
0.6314535695,5.24698782,1.653331876
0.6314651431,5.259949207,1.649157882
0.6314767367,5.225183964,1.660366774
0.6314882907,5.223165035,1.661018968
0.6314998844,5.190703869,1.671525598
0.6315114383,5.18979311,1.671820998
0.6315230242,5.183123112,1.673984647
0.6315346001,5.176754952,1.676051855
0.6315461804,5.191650391,1.671218753
0.6315577411,5.157044888,1.682459235
0.6315693222,5.163675308,1.680302382
0.6315808861,5.171580315,1.677732706
0.6315924692,5.140296459,1.687914729
0.6316040472,5.155880451,1.682838321
0.6316156453,5.107515335,1.698621273
0.631627184,5.09032011,1.704252601
0.6316387687,5.094911575,1.702747822
0.6316503436,5.089278698,1.704593897
0.6316619133,5.088626862,1.704807639
0.6316734922,5.086412907,1.705533624
0.631685049,5.115274429,1.696083665
0.631696621,5.070813656,1.710653544
0.631708205,5.083247662,1.706571817
0.63171978,5.162630081,1.680642247
0.6317313643,5.033056259,1.723082304
0.631742935,5.0901227,1.704317212
0.6317545121,5.105884552,1.699154854
0.6317660854,5.093480587,1.703216791
0.6317776591,5.24944973,1.652538657
0.6317892274,5.184369564,1.67358017
0.6318007967,5.184146404,1.673652649
0.6318123657,5.182600975,1.674154043
0.631823936,5.207287312,1.666153431
0.6318355228,5.19212532,1.671064854
0.6318470967,5.186424255,1.672913551
0.6318586648,5.205728054,1.666658163
0.631870235,5.204820156,1.666952133
0.6318818079,5.21201086,1.664625049
0.63189339,5.183722973,1.673789978
0.6319049718,5.17454052,1.676771045
0.6319165341,5.211202622,1.664886475
0.6319281027,5.166994095,1.679223299
0.6319396698,5.158891201,1.68185854
0.6319512644,5.156085491,1.682771444
0.631962851,5.149716854,1.684844971
0.631974412,5.101525307,1.70058167
0.6319859821,5.104029179,1.699762106
0.6319975551,5.12212801,1.693843842
0.6320091349,5.132642746,1.690410972
0.6320206924,5.075059414,1.709259272
0.6320322871,5.070746899,1.710675597
0.6320438548,5.082192421,1.706918001
0.6320554333,5.071086884,1.710563898
0.6320670004,5.053347588,1.716396689
0.6320785689,5.048863888,1.717872739
0.63209014,5.091980934,1.703708172
0.6321017228,5.048692226,1.717929244
0.6321132892,5.050461769,1.717346549
0.6321248574,5.045336247,1.719034553
0.6321364364,5.097257137,1.701979518
0.6321480029,5.210434437,1.665135026
0.6321595947,5.19635725,1.669693112
0.632171163,5.19180584,1.671168447
0.6321827555,5.164731979,1.679958701
0.6321943161,5.211321831,1.66484797
0.6322058803,5.177463055,1.6758219
0.6322174648,5.160782337,1.6812433
0.6322290395,5.161702156,1.680944085
0.6322406095,5.176311016,1.676196098
0.6322521744,5.151444912,1.684282184
0.6322637436,5.141761303,1.687437177
0.6322753418,5.15977478,1.681571007
0.6322868901,5.140000343,1.688011289
0.632298466,5.130181789,1.691214204
0.6323100565,5.123297691,1.693461895
0.632321619,5.153222084,1.683703661
0.6323332002,5.139676094,1.688116908
0.632344764,5.147441864,1.685586095
0.6323563399,5.140111923,1.687974811
0.6323679299,5.172894001,1.677305937
0.632379503,5.137282372,1.688897491
0.6323910568,5.115062237,1.696153045
0.6324026437,5.137541771,1.688812971
0.6324142259,5.091042996,1.704015613
0.6324257984,5.070171833,1.710864425
0.6324373587,5.107362747,1.698671103
0.6324489561,5.09853363,1.701561332
0.6324605014,5.074878216,1.709318757
0.6324720894,5.074638844,1.709397316
0.6324836529,5.05891037,1.71456635
0.6324952389,5.031674862,1.723538041
0.6325068095,5.017483711,1.728223324
0.6325183827,5.062511921,1.713382006
0.6325299599,5.160148621,1.681449413
0.6325415345,5.019902706,1.727424145
0.6325531098,5.00635004,1.731904268
0.6325646608,5.022469521,1.726576448
0.6325762651,5.055518627,1.715682149
0.6325878454,5.108778,1.698208094
0.6325993956,5.017649651,1.728168488
0.6326109932,5.085937977,1.70568943
0.6326225526,5.14970398,1.684849262
0.6326341071,5.161020756,1.681165695
0.6326456958,5.168238163,1.678818822
0.632657276,5.271073818,1.645580053
0.6326688625,5.300759316,1.636054039
0.6326804244,5.327785015,1.627408147
0.6326919833,5.314018726,1.631808996
0.6327035561,5.255774498,1.650501609
0.6327151551,5.245466232,1.653822184
0.6327267057,5.238531113,1.656058431
0.6327382832,5.256068707,1.650406957
0.6327498555,5.25166893,1.651823759
0.6327614344,5.214873791,1.663699031
0.6327729978,5.264149189,1.647806525
0.6327845862,5.253693104,1.651171804
0.6327961417,5.267852306,1.646615624
0.6328077166,5.224944592,1.66044414
0.6328193086,5.268298626,1.646472096
0.6328308783,5.20323801,1.667464376
0.6328424449,5.253731251,1.651159525
0.6328540265,5.259577751,1.649277329
0.632865589,5.210740089,1.665036202
0.6328771677,5.193477154,1.670626521
0.6328887391,5.176705837,1.676067829
0.6329003266,5.195596695,1.669939637
0.6329118817,5.155796528,1.68286562
0.632923471,5.137534142,1.688815355
0.6329350349,5.173809528,1.67700851
0.6329466162,5.144585133,1.686516881
0.6329581839,5.153771877,1.683524609
0.6329697605,5.162470341,1.680694223
0.6329813336,5.149435997,1.684936404
0.6329929197,5.143447876,1.686887384
0.6330044891,5.163039684,1.68050909
0.6330160455,5.137994766,1.688665152
0.6330276282,5.171951294,1.677612186
0.6330392053,5.143531323,1.686860323
0.6330507792,5.149493694,1.684917688
0.633062347,5.105814457,1.699177742
0.6330739299,5.116464615,1.695694566
0.6330854966,5.109311104,1.698033691
0.633097082,5.08220005,1.706915498
0.6331086578,5.04048872,1.720631719
0.6331202305,5.10174799,1.700508833
0.6331318035,5.05525589,1.715768695
0.6331433654,5.051053047,1.71715188
0.6331549527,5.060700893,1.713977456
0.6331665199,5.058811188,1.714598894
0.6331780847,5.016261578,1.728627086
0.633189666,5.02230072,1.726632118
0.6332012321,5.111989498,1.697157621
0.633212803,5.078742981,1.708049893
0.6332243824,5.003092289,1.732982159
0.6332359572,5.061518669,1.71370852
0.6332475323,5.038309574,1.721349955
0.633259108,5.015670776,1.728822351
0.633270674,5.032924175,1.723125935
0.6332822654,5.054855347,1.715900421
0.6332938394,5.041728497,1.720223188
0.6333053969,5.003498554,1.732847691
0.6333169861,5.003014565,1.733007789
0.6333285629,4.980097771,1.740601182
0.6333401226,4.990478516,1.737159252
0.6333516994,4.987691879,1.738082767
0.6333632715,4.978883266,1.741004109
0.6333748435,4.985532761,1.738798499
0.6333864266,4.9632864,1.746183515
0.6333979985,4.950579643,1.750409722
0.6334095588,4.982731342,1.739727497
0.6334211518,4.94950819,1.750766277
0.6334327369,4.994544029,1.735812187
0.6334442838,4.984115601,1.739268422
0.6334558573,4.949880123,1.750642538
0.6334674509,4.894616127,1.769092441
0.633479015,4.909410954,1.764142394
0.6334905802,4.894454479,1.769146681
0.6335021646,4.908508778,1.764443994
0.6335137245,4.932562828,1.756412029
0.6335253206,4.919341564,1.760824204
0.6335368728,4.913208485,1.762873054
0.6335484522,4.948563099,1.751080871
0.6335600319,4.929749966,1.757350087
0.6335716129,4.897251129,1.768210292
0.6335831844,4.932300091,1.756499648
0.633594753,4.962295055,1.746513009
0.6336063249,4.91542387,1.762132764
0.6336179068,4.938083649,1.754571438
0.6336294824,4.912345886,1.763161302
0.6336410582,4.917694092,1.761374354
0.6336526224,4.883494854,1.772818685
0.633664196,4.919444084,1.760789871
0.6336757805,4.916924954,1.76163137
0.6336873499,4.955425739,1.748797178
0.6336989096,4.917127132,1.761563778
0.6337104873,4.879860878,1.774037361
0.6337220549,4.904039383,1.76593864
0.6337336421,4.858356953,1.781258106
0.6337452134,4.928941727,1.757619739
0.6337567808,4.874913216,1.775697231
0.633768361,4.867919445,1.778045058
0.6337799359,4.865767956,1.778767705
0.6337915129,4.840890884,1.787135363
0.6338030723,4.831956387,1.790146232
0.6338146619,4.838986397,1.787776947
0.633826241,4.847958088,1.784755945
0.6338378012,4.82593298,1.792177558
0.6338493717,4.814660549,1.795982838
0.633860954,4.823795319,1.792898774
0.6338725389,4.854805946,1.782452107
0.6338841024,4.782850266,1.806746364
0.6338956917,4.799753666,1.801022291
0.6339072521,4.786848545,1.805391431
0.6339188122,4.822918892,1.793194652
0.6339304042,4.787611485,1.805132985
0.6339419705,4.740437508,1.821155548
0.6339535347,4.761483669,1.81399715
0.633965121,4.768416882,1.811642528
0.6339766884,4.724462032,1.826600313
0.6339882707,4.753061295,1.816859841
0.6339998391,4.698000908,1.835639477
0.6340114039,4.749727726,1.817993641
0.6340229897,4.747886181,1.818620086
0.634034574,4.768576145,1.811588407
0.6340461352,4.778290749,1.80829227
0.6340577072,4.769562244,1.811253667
0.6340693021,4.754093647,1.816508889
0.6340808656,4.74645853,1.819105983
0.6340924362,4.706643581,1.832684279
0.6341040164,4.772970676,1.81009686
0.6341155852,4.779296398,1.807951212
0.6341271546,4.659227848,1.84893167
0.6341387339,4.684053898,1.840414286
0.634150305,4.670433044,1.845084548
0.6341618667,4.738604546,1.821779847
0.634173451,4.71600008,1.829488039
0.6341850277,4.748127461,1.81853807
0.6341965944,4.745337009,1.819487572
0.6342081771,4.767327309,1.812012434
0.6342197497,4.741631508,1.820749044
0.6342313334,4.773524761,1.809908986
0.63424289,4.762671948,1.813593507
0.6342544728,4.735558987,1.822817206
0.6342660446,4.732914448,1.823718429
0.634277621,4.671236515,1.844808817
0.6342892084,4.705308914,1.833140373
0.6343007858,4.702928543,1.833954215
0.6343123484,4.667800903,1.845987797
0.6343239196,4.668179512,1.845857859
0.6343354803,4.681412697,1.841319323
0.6343470465,4.669708252,1.845333219
0.6343586322,4.65679884,1.849766135
0.634370212,4.632306099,1.858193874
0.6343817729,4.694518089,1.836831212
0.6343933463,4.657900333,1.849387646
0.6344049338,4.630214214,1.858914852
0.6344165003,4.661443234,1.848170638
0.6344280747,4.638790608,1.855960488
0.6344396538,4.60398531,1.86796689
0.6344512366,4.655783176,1.850115299
0.6344628147,4.599024296,1.869681954
0.634474385,4.591455936,1.872300148
0.6344859384,4.602061749,1.86863184
0.6344975277,4.594931126,1.871097684
0.6345090834,4.567286968,1.880675793
0.6345206716,4.607225418,1.866847277
0.6345322374,4.613695145,1.864612818
0.6345438221,4.628831387,1.859391332
0.6345553916,4.554379463,1.885157704
0.6345669625,4.590521812,1.872623444
0.6345785444,4.575305462,1.877894521
0.6345901114,4.585604191,1.874325991
0.6346016797,4.574917793,1.878028989
0.634613267,4.577224731,1.877229214
0.6346248337,4.59429884,1.871316433
0.6346364034,4.581214905,1.875846505
0.6346479887,4.566892147,1.880812764
0.6346595578,4.592295647,1.872009635
0.6346711385,4.555060387,1.884921074
0.6346827053,4.609062672,1.866212606
0.6346942677,4.557797432,1.883970261
0.6347058548,4.56533289,1.881353855
0.6347174273,4.570482731,1.879567027
0.6347289914,4.527016163,1.894680262
0.6347405778,4.571870804,1.879085541
0.634752153,4.529727459,1.893735409
0.634763725,4.57868433,1.876723409
0.6347752847,4.594805241,1.871141315
0.6347868655,4.580311775,1.87615943
0.6347984395,4.542395115,1.889324784
0.6348100226,4.566362381,1.880996585
0.6348215835,4.609959602,1.865902782
0.634833159,4.582556248,1.875381708
0.6348447421,4.585958481,1.874203324
0.6348563228,4.544386864,1.88863194
0.6348678807,4.548626423,1.88715744
0.6348794669,4.573233604,1.878612876
0.6348910349,4.579861641,1.876315355
0.6349026193,4.567409515,1.880633235
0.6349142135,4.600370884,1.869216323
0.634925758,4.564588547,1.881612182
0.6349373418,4.553731442,1.885382891
0.6349489044,4.521205902,1.896705866
0.6349604689,4.571166039,1.879330039
0.6349720583,4.541275501,1.88971436
0.6349836276,4.526140213,1.894985437
0.6349952012,4.539999485,1.890158415
0.6350067835,4.529245377,1.893903375
0.63501835,4.512559414,1.899722695
0.6350299237,4.483560562,1.909861207
0.6350414892,4.491424561,1.907108545
0.6350530721,4.472790241,1.913634896
0.6350646545,4.459201813,1.918402195
0.6350762277,4.539773464,1.890237093
0.6350877984,4.524295807,1.895628452
0.6350993632,4.489392757,1.907819629
0.6351109461,4.516959667,1.898186922
0.6351225167,4.487333775,1.908540249
0.6351340917,4.479853153,1.911159754
0.6351456643,4.518357754,1.897699237
0.6351572426,4.480469704,1.910943627
0.6351688001,4.482928276,1.910082579
0.6351803727,4.489762306,1.907690287
0.6351919542,4.496522427,1.905325532
0.6352035323,4.430074692,1.928645015
0.6352150952,4.397015095,1.940310121
0.6352266733,4.425159454,1.930376768
0.6352382434,4.445953846,1.92305696
0.6352498311,4.464613438,1.916502714
0.63526141,4.453968525,1.920240164
0.6352729768,4.472770214,1.91364193
0.63528456,4.42470026,1.930538535
0.6352961269,4.446492195,1.922867656
0.6353077082,4.417039871,1.933239341
0.6353192688,4.48099041,1.910761237
0.6353308357,4.416128159,1.933560967
0.6353424088,4.428369522,1.92924571
0.6353539931,4.423012734,1.93113327
0.6353655645,4.461231709,1.917689681
0.63537715,4.41782856,1.932961226
0.635388721,4.414657593,1.934079647
0.6354002913,4.40903616,1.936063528
0.6354118655,4.423289299,1.931035876
0.635423439,4.359520912,1.953590751
0.635435003,4.362343788,1.952588916
0.6354465744,4.370251656,1.949784279
0.635458163,4.391174316,1.942375302
0.6354697412,4.349886417,1.957012057
0.6354813027,4.377847195,1.947092652
0.6354928759,4.378339768,1.94691813
0.6355044622,4.345202446,1.958676815
0.635516025,4.418810844,1.932614803
0.63552759,4.330297947,1.963979363
0.6355391686,4.352606773,1.956045747
0.6355507383,4.393409729,1.941584706
0.635562326,4.341929436,1.959840417
0.6355738856,4.309063435,1.971548796
0.6355854803,4.365573406,1.951443315
0.6355970558,4.388124466,1.943454266
0.6356086247,4.347204208,1.957965255
0.6356201883,4.341916561,1.959844947
0.635631769,4.369126797,1.950183153
0.635643364,4.333895207,1.962698817
0.6356549042,4.359846115,1.953475356
0.6356664806,4.340328693,1.960409761
0.6356780535,4.314993382,1.969433188
0.6356896479,4.352383614,1.956125021
0.6357012031,4.344030857,1.959093213
0.6357127917,4.349442482,1.957169771
0.6357243491,4.330869675,1.963775754
0.6357359347,4.322410107,1.966789126
0.6357475059,4.258495331,1.989645481
0.6357590901,4.299561501,1.974941611
0.6357706644,4.287748337,1.97916472
0.6357822318,4.316087246,1.969043136
0.6357938023,4.291828632,1.97770536
0.6358053814,4.292681694,1.977400422
0.6358169507,4.302125454,1.974025726
0.6358285283,4.332319737,1.963259459
0.635840095,4.264962673,1.98732543
0.6358516826,4.235518932,1.997900963
0.6358632457,4.275958061,1.983384848
0.6358748177,4.249052048,1.993035913
0.6358863868,4.238482475,1.996834993
0.6358979786,4.266904831,1.986629009
0.6359095314,4.283206463,1.980789661
0.6359211188,4.229577065,2.000039101
0.635932697,4.203483582,2.009445667
0.6359442567,4.201668263,2.01010108
0.635955841,4.201369762,2.010208845
0.6359674168,4.226096153,2.001292467
0.6359789801,4.213497162,2.005832672
0.6359905489,4.186544895,2.015566349
0.6360021345,4.198021412,2.011418104
0.6360137156,4.199006558,2.011062384
0.6360252797,4.209401131,2.007310152
0.6360368506,4.232899666,1.998843312
0.6360484372,4.224568367,2.001842737
0.6360599945,4.166379929,2.022867441
0.6360715745,4.205163956,2.00883913
0.6360831576,4.206075668,2.008510113
0.636094714,4.166966438,2.022654772
0.6361063059,4.212405682,2.006226301
0.6361178826,4.205755711,2.008625507
0.6361294549,4.155119896,2.026951313
0.6361410318,4.182675362,2.016966105
0.6361525956,4.1354146,2.034110308
0.6361641595,4.142520905,2.031526804
0.6361757401,4.176922798,2.019048214
0.6361873055,4.158535957,2.025711775
0.6361989011,4.151278973,2.028345585
0.6362104753,4.159266949,2.025446653
0.6362220435,4.109631538,2.043500423
0.6362336153,4.16106987,2.024792671
0.6362451948,4.160567284,2.024975061
0.636256778,4.137189865,2.03346467
0.6362683351,4.148513317,2.029349804
0.6362799174,4.110671043,2.043121338
0.6362914774,4.131577492,2.03550601
0.636303049,4.122382641,2.038853169
0.6363146355,4.166738987,2.022737265
0.6363261997,4.158685684,2.025657415
0.6363377854,4.14425993,2.030894756
0.6363493568,4.165891171,2.023044586
0.636360922,4.140622139,2.032216787
0.636372489,4.109712601,2.04347086
0.6363840684,4.100219727,2.046934843
0.6363956565,4.135207176,2.034185648
0.6364072193,4.083091736,2.053193808
0.636418785,4.149834156,2.028870106
0.6364303742,4.132515431,2.035164833
0.6364419344,4.133275032,2.034888506
0.6364535106,4.119124413,2.040040016
0.636465096,4.118828774,2.040147781
0.6364766734,4.115435123,2.041384459
0.6364882313,4.098469734,2.047573805
0.6364998031,4.143938065,2.03101182
0.6365113916,4.086705685,2.051872253
0.6365229702,4.100978375,2.046657801
0.6365345448,4.089619637,2.050806999
0.6365461072,4.108831406,2.043792248
0.6365576796,4.087078571,2.051735878
0.6365692542,4.07797575,2.055065632
0.6365808415,4.047142506,2.06636858
0.6365923956,4.09098959,2.05030632
0.6366039685,4.11672926,2.040912867
0.6366155581,4.031402588,2.072153091
0.636627124,4.038342953,2.069601297
0.636638692,4.108364582,2.043962479
0.6366502736,4.076287746,2.055683374
0.636661843,4.104142666,2.045502901
0.6366734238,4.072655201,2.057013273
0.6366849944,4.053445339,2.064054966
0.6366965815,4.042367935,2.068122149
0.6367081426,4.043636322,2.067656279
0.6367197232,4.02722168,2.073691368
0.6367312961,4.048327446,2.065933466
0.6367428679,4.037769318,2.069812059
0.6367544344,4.028772354,2.073120832
0.6367660107,4.061059475,2.061262131
0.6367775995,4.009251595,2.080310822
0.6367891658,4.068981171,2.058358908
0.6368007259,4.047403812,2.066272497
0.6368123035,4.024917603,2.074539423
0.6368238818,4.041955471,2.068273783
0.6368354574,3.976204157,2.092517853
0.6368470367,4.030230999,2.072584152
0.6368586007,4.019272327,2.076617956
0.6368701769,3.996141434,2.085148096
0.6368817639,4.012337208,2.079173327
0.636893331,4.026807785,2.073843718
0.6369048916,4.027015686,2.073767185
0.6369164687,4.039309025,2.069246292
0.636928054,3.989706755,2.087524891
0.6369396162,4.010531902,2.079838753
0.6369512075,4.038333893,2.069604635
0.636962774,4.036306381,2.070349932
0.6369743486,3.991865397,2.086727381
0.6369859103,3.977713108,2.091959477
0.6369974914,3.990236044,2.087329388
0.6370090613,3.989328146,2.087664843
0.6370206416,4.002292633,2.082877636
0.6370322136,3.94562006,2.103854179
0.6370437905,4.005270958,2.081778765
0.637055391,3.991539002,2.086848021
0.6370669437,4.009010315,2.080399752
0.6370785192,3.959450245,2.098723173
0.6370900765,3.941959143,2.105213642
0.637101664,3.975240946,2.092874289
0.6371132387,3.965684176,2.096412897
0.6371248164,3.974415064,2.093179941
0.637136373,3.961373329,2.098010302
0.6371479636,3.962239742,2.097689152
0.6371595392,3.963423729,2.097250462
0.6371711052,3.951793671,2.101562738
0.6371826748,3.960451603,2.098351955
0.6371942466,3.938462019,2.106512785
0.6372058288,3.931313515,2.10916996
0.6372174022,3.939564467,2.106103182
0.6372289656,3.919217825,2.113670826
0.6372405441,3.926778555,2.110856772
0.6372521391,3.940479517,2.105763197
0.6372636872,3.920621395,2.113148212
0.6372752618,3.920924425,2.11303544
0.6372868311,3.920490742,2.11319685
0.6372984177,3.919109583,2.113711119
0.6373099869,3.916069746,2.11484313
0.6373215681,3.88940692,2.124788761
0.6373331339,3.887592554,2.125466585
0.6373447094,3.899378538,2.121065855
0.6373562918,3.906266213,2.118496656
0.6373678642,3.915794611,2.11494565
0.6373794355,3.932189941,2.108844042
0.6373910099,3.916466713,2.114695311
0.6374025723,3.89850831,2.121390581
0.6374141583,3.901356936,2.120327711
0.637425737,3.907224655,2.118139267
0.6374373116,3.887858152,2.125367403
0.6374488871,3.891635895,2.123956204
0.6374604498,3.881006956,2.127928019
0.6374720274,3.867801666,2.132869005
0.6374836028,3.889547348,2.124736309
0.6374951678,3.852349997,2.138659477
0.6375067437,3.887791157,2.125392437
0.6375183183,3.879014492,2.128673077
0.6375298927,3.888564587,2.125103474
0.6375414626,3.879374743,2.12853837
0.6375530541,3.847393274,2.140519142
0.6375646119,3.850893974,2.139205694
0.6375761852,3.893684864,2.123191118
0.6375877552,3.874321699,2.130428553
0.6375993301,3.851105452,2.139126301
0.6376109019,3.875295401,2.130064249
0.6376224889,3.893442154,2.123281717
0.6376340787,3.824886084,2.148975611
0.6376456308,3.842972279,2.142178536
0.6376572134,3.838606834,2.143817902
0.6376687722,3.833719015,2.14565444
0.6376803656,3.828886271,2.14747119
0.6376919325,3.845068693,2.141391516
0.6377035106,3.851443768,2.138999462
0.6377150851,3.849889755,2.139582396
0.6377266639,3.866574049,2.133328676
0.6377382373,3.82928443,2.147321463
0.6377497945,3.833606005,2.145696878
0.6377613615,3.840337277,2.143167973
0.6377729559,3.833949804,2.145567656
0.6377845285,3.849476099,2.139737606
0.6377961029,3.81385231,2.153128862
0.6378076957,3.845803022,2.141115904
0.6378192338,3.831268549,2.146575451
0.6378308083,3.831524134,2.146479368
0.6378424023,3.837816,2.144114971
0.6378539668,3.817339182,2.151815891
0.6378655351,3.818518877,2.151371718
0.6378771389,3.826970816,2.148191452
0.637888681,3.838419676,2.143888235
0.6379002631,3.821594954,2.150213957
0.6379118311,3.834737778,2.14527154
0.6379234211,3.78413415,2.164340019
0.6379349728,3.824540854,2.149105549
0.6379465644,3.789235115,2.16241312
0.6379581418,3.80305624,2.157197475
0.6379696946,3.78328228,2.164661884
0.6379812807,3.821010828,2.150433779
0.6379928594,3.811408043,2.154049635
0.6380044287,3.830912828,2.146709204
0.638016009,3.788395405,2.162730217
0.6380275701,3.803849936,2.15689826
0.6380391471,3.824365854,2.149171352
0.6380507118,3.804277897,2.156736851
0.6380622922,3.816474676,2.152141333
0.6380738768,3.773703098,2.168283701
0.6380854549,3.767959595,2.170457125
0.638097027,3.790174484,2.162058353
0.6381085952,3.799959421,2.158365488
0.6381201643,3.790665865,2.161872864
0.6381317485,3.75747633,2.174427509
0.6381433075,3.818540573,2.151363611
0.6381548956,3.794888973,2.160278559
0.6381664656,3.771708727,2.169038296
0.6381780366,3.78139925,2.165373564
0.6381896009,3.780800819,2.165599823
0.6382011892,3.760898352,2.173130989
0.638212762,3.772304773,2.168812752
0.6382243325,3.768870354,2.170112371
0.6382358971,3.751502037,2.176692247
0.6382474711,3.753941774,2.175767183
0.6382590419,3.762993097,2.172337532
0.638270637,3.723136425,2.187465191
0.6382821985,3.745583057,2.178937435
0.6382937872,3.769850016,2.169741631
0.6383053609,3.739111662,2.181393862
0.638316916,3.757147312,2.174552202
0.6383284994,3.747804642,2.178094626
0.638340093,3.752994776,2.176126242
0.6383516381,3.74469471,2.179274559
0.638363216,3.778090239,2.166624546
0.6383747835,3.749692679,2.177378416
0.6383863692,3.768662453,2.17019105
0.6383979409,3.778335571,2.166531801
0.638409524,3.757575274,2.174390078
0.6384210807,3.733015776,2.183709383
0.6384326733,3.737010479,2.182191849
0.6384442566,3.723758936,2.187228441
0.6384558185,3.766163349,2.171137095
0.6384673986,3.769894123,2.169724941
0.6384789492,3.74070859,2.180787563
0.6384905429,3.732595921,2.183868885
0.6385020969,3.749060392,2.177618265
0.6385136874,3.737499476,2.182006121
0.6385252554,3.758550406,2.174020529
0.6385368353,3.756876707,2.174654722
0.6385484101,3.745684862,2.178898811
0.6385599687,3.723395348,2.187366724
0.6385715566,3.740488052,2.180871248
0.6385831189,3.711506605,2.19189167
0.6385946942,3.685370922,2.201859713
0.6386062665,3.70198369,2.195520401
0.6386178686,3.722563505,2.187683106
0.6386294111,3.731122255,2.18442893
0.6386410071,3.647933722,2.216187716
0.6386525815,3.696144104,2.197747469
0.6386641566,3.717695475,2.189535379
0.6386757325,3.692860365,2.199000359
0.638687294,3.721330643,2.188152075
0.638698864,3.697774172,2.197125673
0.6387104404,3.687218905,2.201153994
0.638722029,3.752059698,2.17648077
0.6387335901,3.731566429,2.18426013
0.6387451731,3.699145079,2.196602821
0.6387567551,3.710023642,2.192456484
0.6387683295,3.702248812,2.195419312
0.6387798938,3.681221485,2.203444958
0.6387914711,3.661050081,2.211161137
0.6388030365,3.688406467,2.200700522
0.6388146228,3.69510293,2.198144674
0.6388261819,3.696307898,2.197685003
0.6388377576,3.7354846,2.182771444
0.6388493404,3.813040257,2.153434753
0.6388609243,3.713314056,2.191203356
0.6388724941,3.770304918,2.169569492
0.6388840859,3.710742235,2.192182779
0.6388956465,3.803587437,2.156997204
0.6389072202,3.742999077,2.179918051
0.6389188084,3.748321295,2.177898645
0.6389303607,3.699828386,2.19634223
0.6389419439,3.730978489,2.184483528
0.638953513,3.750712395,2.176991701
0.6389650887,3.759262085,2.173750877
0.6389766716,3.695573568,2.197965145
0.6389882247,3.711037636,2.192070246
0.6389998002,3.70345211,2.194960594
0.6390113754,3.735549212,2.182746887
0.6390229687,3.724072218,2.187109232
0.6390345334,3.745034695,2.179145575
0.6390461136,3.68829608,2.200742722
0.6390576873,3.686664581,2.201365709
0.6390692625,3.740467548,2.180879116
0.639080846,3.698176622,2.196972132
0.6390924015,3.754731894,2.17546773
0.6391039808,3.785545826,2.163806677
0.6391155517,3.697455406,2.197247267
0.6391271456,3.683681488,2.202505112
0.6391387118,3.750735045,2.176983118
0.6391502969,3.717362166,2.189662218
0.639161851,3.698778629,2.196742535
0.639173441,3.677930117,2.204702854
0.639185002,3.692207575,2.199249506
0.6391965833,3.696727753,2.197524786
0.6392081548,3.667048216,2.208864927
0.6392197323,3.69038868,2.199943781
0.6392313034,3.734228134,2.183248758
0.639242895,3.688416004,2.200696945
0.6392544674,3.695939064,2.19782567
0.6392660343,3.692230701,2.199240685
0.6392776185,3.694978476,2.19819212
0.639289188,3.665815353,2.209336758
0.6393007595,3.689866066,2.200143337
0.6393123396,3.690474987,2.199910879
0.6393239,3.791007996,2.161743641
0.6393354884,3.878352881,2.128920555
0.6393470497,3.881592512,2.12770915
0.6393586286,3.882751226,2.127275944
0.6393702208,3.915699959,2.114980936
0.6393817886,3.896018982,2.122319698
0.639393369,3.911729813,2.116460085
0.6394049475,3.867393017,2.13302207
0.6394165217,3.854210854,2.137961626
0.6394280879,3.865405321,2.133766413
0.639439658,3.886785984,2.125767946
0.6394512253,3.87286067,2.130975246
0.6394628155,3.850773096,2.139250994
0.6394743953,3.885663033,2.126187563
0.6394859729,3.86619854,2.133469343
0.6394975257,3.924738169,2.111615896
0.639509111,3.877722979,2.129156113
0.6395206975,3.871264935,2.131572485
0.6395322546,3.836817741,2.144490004
0.6395438319,3.840962172,2.142933369
0.6395554145,3.866605282,2.133316994
0.6395669754,3.84433341,2.141667604
0.6395785697,3.848936558,2.139940023
0.6395901478,3.856849909,2.136972189
0.6396017334,3.898586273,2.121361494
0.6396132909,3.88388586,2.126851797
0.6396248722,3.919788837,2.113458157
0.639636441,3.852463245,2.138617039
0.6396480101,3.865934372,2.133568287
0.639659588,3.899095535,2.121171475
0.6396711658,3.875694275,2.129914999
0.6396827378,3.900094748,2.120798588
0.6396943202,3.907848835,2.11790657
0.6397058984,3.87212491,2.13125062
0.6397174662,3.893595934,2.123224258
0.6397290418,3.86562562,2.13368392
0.639740607,3.89984417,2.120892048
0.639752195,3.912054777,2.116338968
0.6397637541,3.899442911,2.121041775
0.6397753414,3.902299404,2.119976044
0.6397869128,3.920120716,2.113334656
0.6397984881,3.905814171,2.118665218
0.6398100576,3.907851458,2.117905617
0.6398216294,3.861026049,2.135406971
0.6398332105,3.884174824,2.126743794
0.6398447919,3.907483101,2.118042946
0.6398563627,3.8995049,2.121018648
0.6398679269,3.89755249,2.121747255
0.6398795225,3.918699026,2.113863945
0.6398910917,3.91141057,2.116579056
0.6399026734,3.906859636,2.118275404
0.6399142363,3.887690306,2.125430107
0.6399258048,3.875645876,2.129933119
0.6399373794,3.88792944,2.1253407
0.6399489872,3.897600412,2.121729374
0.6399605328,3.887960672,2.125329018
0.6399721193,3.909345627,2.117348671
0.6399836816,3.877869129,2.129101515
0.6399952675,3.857612371,2.136686325
0.6400068358,3.882176638,2.127490759
0.6400184243,3.849447966,2.139748097
0.6400299871,3.90938592,2.117333651
0.6400415702,3.883045197,2.127166033
0.640053135,3.901693583,2.120202065
0.6400647047,3.834278584,2.145444155
0.6400762802,3.856970072,2.136927128
0.6400878649,3.888454676,2.125144482
0.6400994463,3.870257378,2.131949663
0.6401110198,3.87380743,2.130620956
0.6401225919,3.874245167,2.130457163
0.6401341624,3.86528182,2.133812666
0.6401457285,3.858451366,2.136371851
0.6401573184,3.861480475,2.13523674
0.6401688881,3.874109507,2.130507946
0.6401804614,3.856970072,2.136927128
0.6401920274,3.851483107,2.13898468
0.6402036011,3.850595236,2.139317751
0.6402151846,3.842324019,2.142421961
0.6402267709,3.851704359,2.138901711
0.6402383363,3.873661041,2.130675793
0.640249906,3.864025354,2.134283304
0.6402614792,3.868661881,2.132546902
0.6402730782,3.879072666,2.128651381
0.6402846327,3.850823879,2.13923192
0.6402962084,3.846987248,2.140671492
0.6403077834,3.874629498,2.130313397
0.6403193737,3.857880831,2.136585712
0.640330941,3.852949619,2.138434649
0.6403425233,3.853317022,2.138296843
0.6403540793,3.834586859,2.145328283
0.6403656608,3.852748632,2.138509989
0.640377235,3.864087582,2.134259939
0.640388815,3.796821117,2.159549475
0.6404003968,3.854369164,2.13790226
0.6404119647,3.860325575,2.13566947
0.6404235496,3.830557108,2.146842957
0.6404351152,3.843637943,2.141928673
0.6404466972,3.825279713,2.148827553
0.6404582533,3.84103632,2.142905474
0.6404698396,3.846900702,2.140703917
0.6404814211,3.817271471,2.151841402
0.6404929866,3.823104143,2.149646044
0.6405045754,3.850868464,2.139215231
0.6405161395,4.053686142,2.063966513
0.6405277351,4.121310711,2.039243698
0.6405392914,4.37692976,1.947417617
0.6405508635,4.415502548,1.933781624
0.6405624284,4.438902855,1.925537109
0.6405740301,4.418656349,1.932669282
0.6405855944,4.413415432,1.93451798
0.6405971684,4.434017658,1.927256584
0.6406087345,4.413123131,1.934621096
0.640620319,4.418236256,1.93281734
0.6406318987,4.428036213,1.929363132
0.6406434664,4.416150093,1.933553219
0.6406550514,4.447089195,1.922657847
0.6406666041,4.420859814,1.931892276
0.6406781914,4.392861366,1.94177866
0.640689755,4.428749085,1.929111958
0.6407013384,4.432428837,1.927816033
0.640712908,4.417851448,1.932953119
0.6407244872,4.425261498,1.930340767
0.6407360561,4.408714771,1.936177015
0.6407476577,4.414662361,1.934078097
0.6407592187,4.428073406,1.929349899
0.6407707833,4.387032509,1.943840623
0.6407823544,4.417782784,1.932977319
0.6407939512,4.391522408,1.942252159
0.640805525,4.374499798,1.948278666
0.6408170818,4.368599415,1.950370073
0.6408286686,4.41099596,1.935371876
0.6408402382,4.400966167,1.938913703
0.6408518198,4.393043995,1.941714168
0.6408634023,4.395111561,1.940982938
0.6408749636,4.394714832,1.941123247
0.6408865407,4.382081032,1.945593238
0.6408981221,4.384066105,1.944890499
0.6409096856,4.382715225,1.945368767
0.6409212662,4.375377178,1.947967768
0.6409328325,4.383728027,1.945010185
0.6409444071,4.387106895,1.943814278
0.6409559845,4.401008606,1.938898683
0.6409675586,4.514960289,1.898884654
0.6409791366,4.663801193,1.847360849
0.64099072,4.451196194,1.921214223
0.6410022989,4.418500423,1.932724237
0.6410138645,4.42215395,1.931435943
0.6410254434,4.44585371,1.923092246
0.6410370192,4.468470573,1.91514957
0.6410485871,4.410019875,1.935716391
0.6410601658,4.472393513,1.913774014
0.6410717418,4.488040447,1.90829289
0.6410833246,4.455843926,1.919581413
0.6410948868,4.451067448,1.921259522
0.6411064651,4.469450951,1.91480577
0.6411180308,4.455076695,1.919850826
0.6411296226,4.443883419,1.923784971
0.6411411854,4.456084728,1.919496894
0.6411527633,4.412497997,1.934841752
0.6411643489,4.43533802,1.926791668
0.641175914,4.612332344,1.865083337
0.6411874911,4.679693222,1.841908693
0.6411990689,4.504720211,1.902460218
0.6412106531,4.474722862,1.912957311
0.6412222212,4.487431526,1.908506036
0.6412338009,4.459636688,1.918249488
0.641245367,4.44798708,1.922342062
0.6412569318,4.481324673,1.910644293
0.6412685183,4.528182983,1.89427352
0.6412800994,4.654810429,1.850449562
0.6412916632,4.637283802,1.856479406
0.6413032519,4.629103184,1.859297633
0.6413148193,4.631409645,1.858502865
0.6413264022,4.642996788,1.854512692
0.6413379633,4.648846626,1.852499962
0.6413495464,4.615319729,1.864052057
0.6413611258,4.644256592,1.854079008
0.6413726864,4.62775135,1.859763742
0.6413842772,4.58402586,1.874872685
0.6413958451,4.64261055,1.854645491
0.641407424,4.593352318,1.87164402
0.6414189918,4.623195648,1.861334562
0.6414305591,4.606561184,1.867076755
0.6414421494,4.619581223,1.862581372
0.6414537167,4.623020649,1.861394882
0.6414652962,4.617715836,1.863224983
0.6414768645,4.683757782,1.840515852
0.6414884576,4.68449831,1.840262055
0.6415000249,4.689332485,1.838606358
0.6415115924,4.679808617,1.841869235
0.6415231622,4.680125713,1.841760516
0.6415347536,4.684459209,1.840275526
0.6415463227,4.702992439,1.8339324
0.6415579025,4.651185513,1.851695776
0.6415694806,4.696792603,1.836052895
0.6415810369,4.659965515,1.848678231
0.6415926293,4.671275616,1.844795466
0.6416041839,4.669631004,1.845359683
0.6416157714,4.675577164,1.843319893
0.6416273611,4.669123173,1.845533967
0.6416389094,4.642518997,1.854677081
0.6416504872,4.665380001,1.846818805
0.641662067,4.669993401,1.845235348
0.6416736508,4.683781147,1.840507746
0.6416852292,4.639174461,1.855828285
0.6416967948,4.656810284,1.849762321
0.6417083884,4.679199696,1.842077971
0.6417199473,4.62736702,1.859896183
0.6417315256,4.686973095,1.839414358
0.6417431219,4.639042854,1.855873585
0.6417546697,4.685078621,1.840063334
0.6417662459,4.687231064,1.839326024
0.6417778333,4.884551048,1.772464633
0.6417893983,5.281791687,1.64213717
0.6418009771,5.33011198,1.626664877
0.6418125597,5.299974442,1.636305451
0.6418241147,5.315327644,1.631390214
0.6418356847,5.346039295,1.621582747
0.6418472711,5.287799358,1.64020896
0.6418588553,5.313974857,1.631822944
0.6418704299,5.304545879,1.634841085
0.6418820157,5.299590111,1.636428595
0.6418935724,5.365002632,1.615543366
0.6419051651,5.381196976,1.61039567
0.6419167445,5.332020283,1.626055598
0.6419283024,5.331570625,1.626199126
0.6419398677,5.354323387,1.618942976
0.6419514555,5.312998295,1.63213551
0.6419630376,5.34636879,1.621477723
0.6419746038,5.347373962,1.621157289
0.6419861691,5.271740913,1.645365596
0.6419977356,5.321740151,1.629339695
0.6420093345,5.3376441,1.624260426
0.6420208848,5.318128109,1.630494595
0.6420324625,5.335882664,1.624822617
0.6420440773,5.322359562,1.629141808
0.6420556189,5.341119289,1.623151779
0.6420672125,5.316747665,1.630936027
0.6420787896,5.30876112,1.633491397
0.6420903589,5.335502148,1.624943972
0.6421019252,5.35144949,1.619858503
0.6421135065,5.326092243,1.62794888
0.6421250856,5.342974663,1.622559905
0.6421366567,5.281052113,1.642374635
0.6421482306,5.311054707,1.632757425
0.642159805,5.299650669,1.636409164
0.6421713731,5.32149601,1.629417777
0.6421829524,5.350538254,1.620148897
0.6421945399,5.340105057,1.623475313
0.6422060869,5.333333492,1.62563622
0.6422176744,5.376043797,1.612032771
0.6422292486,5.293894768,1.638254046
0.6422408298,5.327145577,1.627612472
0.6422524007,5.33470583,1.625198245
0.6422639718,5.30698061,1.634061456
0.6422755456,5.369761467,1.614029765
0.6422871154,5.334993839,1.625106335
0.6422986967,5.302854061,1.635382891
0.642310277,5.345042229,1.621900678
0.6423218491,5.339448929,1.623684645
0.6423334246,5.308264256,1.633650541
0.6423450007,5.333334923,1.625635862
0.6423565825,5.339599609,1.623636484
0.6423681741,5.328279495,1.627250195
0.6423797199,5.326758385,1.627736092
0.6423912987,5.363767147,1.615936399
0.6424028771,5.318202019,1.630470991
0.6424144705,5.338199139,1.6240834
0.6424260436,5.335028172,1.625095248
0.6424376028,5.288199425,1.64008069
0.6424491678,5.311647415,1.632567644
0.6424607522,5.312214375,1.632386208
0.6424723227,5.335030556,1.625094533
0.6424839043,5.347390652,1.621152043
0.6424954841,5.358557701,1.617594481
0.6425070509,5.326591969,1.627789259
0.6425186381,5.309865952,1.633137822
0.6425301979,5.339059353,1.623808861
0.6425417727,5.297327042,1.637153864
0.6425533507,5.380111694,1.610740423
0.6425649169,5.315574646,1.631311178
0.6425765033,5.289700031,1.639599323
0.6425880699,5.273507595,1.644797921
0.6425996365,5.29452467,1.638052106
0.6426112319,5.312983036,1.632140398
0.6426227975,5.292226791,1.638788939
0.6426343797,5.286702633,1.640560865
0.6426459531,5.289021969,1.63981688
0.6426575252,5.33437109,1.625305057
0.6426690949,5.370972633,1.6136446
0.6426806686,5.322959423,1.628950119
0.6426922307,5.275089741,1.644289494
0.6427038126,5.3422966,1.622776151
0.6427154047,5.321166039,1.629523277
0.6427269547,5.304613113,1.634819508
0.6427385339,5.281508923,1.642227888
0.6427501032,5.312206268,1.63238883
0.6427617023,5.282092571,1.642040491
0.6427732482,5.321931839,1.629278421
0.6427848321,5.324018002,1.628611684
0.6427963904,4.756346703,1.81574285
0.6428079828,1.366615892,3.209215403
0.6428195725,1.397683978,3.193969965
0.6428311492,1.29295361,3.245568752
0.6428427136,1.266314149,3.258787632
0.6428542774,1.267583728,3.258156776
0.6428658589,1.262788892,3.26053977
0.642877428,1.262618184,3.260624647
0.6428889992,1.264027238,3.259924173
0.642900562,1.262332797,3.260766506
0.6429121572,1.260762811,3.261547089
0.6429237257,1.260817051,3.261520147
0.64293529,1.260320783,3.261766911
0.6429468746,1.274671435,3.254636526
0.642958457,1.262187481,3.260838747
0.642970015,1.25642395,3.263705015
0.6429815837,1.256685138,3.263575077
0.642993157,1.255494714,3.264167309
0.6430047507,1.260038853,3.261907101
0.64301632,1.254338503,3.264742613
0.6430279022,1.253662825,3.265078783
0.6430394678,1.290367246,3.246850491
0.6430510399,1.252930284,3.265443325
0.6430626117,1.251929045,3.26594162
0.6430742062,1.251731277,3.266040087
0.6430857551,1.250021815,3.266891003
0.6430973448,1.249672175,3.267065048
0.6431089069,1.249337435,3.267231703
0.6431204972,1.24864161,3.267578125
0.6431320795,1.25206852,3.26587224
0.6431436331,1.247102261,3.268344641
0.6431552207,1.24581492,3.268985748
0.6431667928,1.248827934,3.26748538
0.6431783661,1.245239496,3.269272327
0.6431899246,1.247085929,3.268352747
0.6432015128,1.243804455,3.269987106
0.6432130711,1.242361665,3.270705938
0.6432246487,1.241775394,3.270998001
0.6432362208,1.24176538,3.271003008
0.6432477978,1.240474939,3.271646023